attribute,importance
part_00_density_E3_E1,0.0340291336179
local_near_cut_count_N,0.0298976115882
delta_electrons_1,0.0271324906498
delta_density_sqrt_E1_1,0.0266174189746
delta_density_sqrt_E2_1,0.0235942397267
part_00_density_E3_E2,0.0231896899641
delta_volume_1,0.0230880305171
local_near_cut_count_C,0.0229258984327
shape_segments_count_over_volume_00,0.0225531496108
part_00_density_sqrt_E2,0.022516656667
delta_electrons_2,0.0220756139606
resolution,0.0218556132168
local_near_cut_count_O,0.0218550916761
local_mean,0.0208859443665
delta_density_sqrt_E3_1,0.020648740232
part_00_shape_O5_norm,0.0205736681819
delta_std_1,0.0193428136408
part_00_density_Z_6_0,0.0186358951032
part_00_shape_Z_1_0,0.0168904904276
part_00_density_Z_7_0,0.0168748497963
part_00_density_O3_norm,0.0167914368212
part_00_shape_Z_4_0,0.0167747549713
volume_over_resolution_00,0.0164817683399
part_00_density_sqrt_E3,0.0164192095399
std_over_resolution_00,0.016355086118
part_00_shape_sqrt_E3,0.0163039956242
part_00_density_E2_E1,0.0161267444491
delta_std_2,0.0155313890427
part_00_shape_E2_E1,0.0154573610052
part_00_density_sqrt_E1,0.0152165070176
delta_skewness_2,0.0151044223458
part_00_shape_Z_3_1,0.0150303933769
delta_skewness_1,0.0149412462488
electrons_over_resolution_00,0.0148792080581
part_00_density_I5_norm,0.0148474071175
part_00_density_I6,0.01483593788
part_00_density_I4_norm,0.0146253220737
part_00_shape_CI,0.0144068859518
part_00_density_CI,0.0140867903829
part_00_density_Z_3_0,0.0140784494579
part_00_mean,0.0138918142766
part_00_density_Z_5_0,0.0138516714796
delta_volume_2,0.0137719083577
part_00_shape_FL,0.0134330457076
delta_shape_segments_count_2,0.0132281640545
part_00_shape_sqrt_E1,0.0130086848512
percent_cut,0.0128267416731
skewness_over_volume_00,0.0127808656543
part_00_density_O4_norm,0.0122715281323
part_00_shape_Z_4_2,0.0120160775259
part_00_density_I2_norm,0.0118127595633
delta_mean_2,0.011547925882
part_00_shape_Z_2_0,0.0113571193069
delta_mean_1,0.0112314801663
local_electrons,0.0109708160162
part_00_electrons,0.0107085881755
part_00_volume,0.0106356022879
std_over_volume_01,0.0102492989972
part_00_shape_Z_2_1,0.00953768659383
local_cut_by_mainchain_volume,0.00739086000249
