attribute,importance
part_00_density_E3_E1,0.0353744849563
local_near_cut_count_N,0.0301131568849
delta_density_sqrt_E1_1,0.0258606225252
delta_volume_1,0.0250982437283
delta_electrons_1,0.0248297695071
local_near_cut_count_O,0.0234330613166
part_00_density_E3_E2,0.0233017839491
local_near_cut_count_C,0.0230704341084
delta_density_sqrt_E2_1,0.0226523894817
shape_segments_count_over_volume_00,0.0225329492241
delta_electrons_2,0.021997615695
resolution,0.021658660844
part_00_density_sqrt_E2,0.0216021686792
delta_density_sqrt_E3_1,0.0209608450532
local_mean,0.0208763759583
delta_std_1,0.0197174735367
part_00_shape_O5_norm,0.0194463096559
part_00_density_Z_6_0,0.0180054828525
part_00_density_sqrt_E3,0.0176025032997
part_00_density_Z_7_0,0.0168960802257
part_00_density_E2_E1,0.0168105345219
part_00_shape_Z_1_0,0.016783632338
part_00_shape_Z_4_0,0.0166007056832
part_00_density_O3_norm,0.0163957178593
std_over_resolution_00,0.0162439960986
part_00_shape_sqrt_E3,0.0159217193723
delta_std_2,0.0155913736671
electrons_over_resolution_00,0.0154676279053
part_00_shape_Z_3_1,0.0154525637627
part_00_shape_E2_E1,0.0152314361185
delta_skewness_2,0.0150038525462
part_00_density_sqrt_E1,0.0149608105421
part_00_density_I6,0.0149258384481
delta_skewness_1,0.0149231487885
part_00_density_I5_norm,0.0147090153769
volume_over_resolution_00,0.0144679807127
part_00_shape_CI,0.0143587626517
part_00_mean,0.0143108787015
delta_volume_2,0.0142538482323
part_00_density_Z_3_0,0.0141048152
part_00_density_Z_5_0,0.0140773765743
part_00_density_I4_norm,0.013963853009
part_00_shape_FL,0.0139509411529
part_00_density_CI,0.0139202736318
delta_shape_segments_count_2,0.0132111590356
percent_cut,0.013196632266
skewness_over_volume_00,0.0129399951547
part_00_shape_sqrt_E1,0.0122540155426
part_00_density_O4_norm,0.0120463389903
part_00_shape_Z_4_2,0.0120345028117
delta_mean_2,0.0118757858872
part_00_density_I2_norm,0.0117369759828
part_00_shape_Z_2_0,0.0115922475234
delta_mean_1,0.0113743478432
local_electrons,0.011275889352
part_00_electrons,0.0110052637756
part_00_volume,0.0107319485396
std_over_volume_01,0.0103913797066
part_00_shape_Z_2_1,0.00937774404883
local_cut_by_mainchain_volume,0.00749466288835
