attribute,importance
part_00_density_E3_E1,0.0343721956015
local_near_cut_count_N,0.0303721483797
delta_density_sqrt_E1_1,0.027312150225
delta_electrons_1,0.0264802668244
local_near_cut_count_O,0.0240823272616
delta_volume_1,0.0235639661551
local_near_cut_count_C,0.0230790488422
delta_density_sqrt_E2_1,0.0230267960578
part_00_density_E3_E2,0.0229755863547
shape_segments_count_over_volume_00,0.0225356072187
delta_electrons_2,0.0221562422812
part_00_density_sqrt_E2,0.021571520716
resolution,0.021255383268
local_mean,0.0211200453341
delta_density_sqrt_E3_1,0.0208493694663
delta_std_1,0.0196658149362
part_00_shape_O5_norm,0.0185590740293
part_00_density_Z_6_0,0.017961287871
part_00_density_O3_norm,0.01755579561
part_00_density_sqrt_E3,0.0174188893288
part_00_shape_Z_1_0,0.0169752538204
part_00_density_Z_7_0,0.0168346893042
part_00_density_E2_E1,0.0167014412582
std_over_resolution_00,0.0161914415658
part_00_shape_sqrt_E3,0.0160304997116
part_00_density_sqrt_E1,0.0157650485635
part_00_shape_Z_4_0,0.0155952237546
delta_std_2,0.0155497621745
part_00_shape_Z_3_1,0.0153005104512
electrons_over_resolution_00,0.0152665451169
part_00_shape_E2_E1,0.0151024674997
part_00_density_I6,0.0150961969048
delta_skewness_2,0.0150852240622
volume_over_resolution_00,0.0150152035058
part_00_density_I5_norm,0.014959291555
delta_skewness_1,0.0146311363205
part_00_shape_CI,0.0143223144114
part_00_density_I4_norm,0.0141901113093
part_00_density_Z_3_0,0.0140511160716
delta_volume_2,0.0139419045299
part_00_density_Z_5_0,0.0138823352754
part_00_mean,0.0137621508911
part_00_density_CI,0.0137229608372
part_00_shape_FL,0.013553135097
delta_shape_segments_count_2,0.0132709629834
percent_cut,0.0131121110171
skewness_over_volume_00,0.0130619462579
part_00_shape_Z_4_2,0.0126972133294
part_00_shape_sqrt_E1,0.0124981254339
part_00_density_O4_norm,0.0122347651049
part_00_density_I2_norm,0.011961475946
delta_mean_2,0.0116108516231
delta_mean_1,0.0113757085055
local_electrons,0.0110297864303
part_00_shape_Z_2_0,0.0108839971945
part_00_electrons,0.0107470918447
part_00_volume,0.0107094692066
std_over_volume_01,0.0104069178924
part_00_shape_Z_2_1,0.00944596622139
local_cut_by_mainchain_volume,0.00751413358375
