attribute,importance
part_00_density_E3_E1,0.0350881367922
local_near_cut_count_N,0.0302871223539
delta_density_sqrt_E1_1,0.0272064562887
delta_electrons_1,0.0253637675196
delta_volume_1,0.0251126140356
local_near_cut_count_O,0.0232704654336
local_near_cut_count_C,0.0232257321477
delta_density_sqrt_E2_1,0.0227934904397
part_00_density_E3_E2,0.0227681603283
shape_segments_count_over_volume_00,0.0224841311574
delta_electrons_2,0.0223057363182
part_00_density_sqrt_E2,0.0221650693566
local_mean,0.0211755465716
resolution,0.021014938131
delta_density_sqrt_E3_1,0.0209190044552
delta_std_1,0.0193452555686
part_00_shape_O5_norm,0.0193118397146
part_00_density_Z_6_0,0.0179811604321
part_00_density_sqrt_E3,0.0176017358899
part_00_shape_Z_1_0,0.0169549901038
part_00_density_E2_E1,0.0169016327709
part_00_density_Z_7_0,0.0167852193117
part_00_density_O3_norm,0.0165313705802
part_00_shape_Z_4_0,0.016439748928
std_over_resolution_00,0.0163545943797
part_00_shape_sqrt_E3,0.0163362696767
part_00_shape_Z_3_1,0.0156464073807
delta_std_2,0.015517057851
delta_skewness_2,0.0152562027797
part_00_shape_E2_E1,0.0151505675167
part_00_density_sqrt_E1,0.0149279795587
part_00_density_I6,0.0148309674114
delta_skewness_1,0.0147711439058
electrons_over_resolution_00,0.0147652151063
part_00_density_I5_norm,0.0145911322907
volume_over_resolution_00,0.0145453214645
part_00_density_Z_3_0,0.0145366983488
delta_volume_2,0.0142117077485
part_00_density_I4_norm,0.0141826048493
part_00_shape_CI,0.0141357155517
part_00_density_CI,0.0140451705083
part_00_mean,0.0139945093542
part_00_shape_FL,0.0136571228504
part_00_density_Z_5_0,0.0136296367273
percent_cut,0.0131903877482
delta_shape_segments_count_2,0.0130987660959
skewness_over_volume_00,0.0130567271262
part_00_shape_sqrt_E1,0.0128018017858
part_00_shape_Z_4_2,0.0118645587936
part_00_density_O4_norm,0.0117853321135
delta_mean_2,0.0117023326457
part_00_density_I2_norm,0.011538490653
delta_mean_1,0.0114921405911
part_00_shape_Z_2_0,0.0114684263244
part_00_volume,0.0110501972958
part_00_electrons,0.0107489209622
std_over_volume_01,0.0105721438304
local_electrons,0.010518248193
part_00_shape_Z_2_1,0.00952333770692
local_cut_by_mainchain_volume,0.00746884010732
