attribute,importance
part_00_density_E3_E1,0.0520735216724
delta_electrons_2,0.0290608457256
delta_electrons_1,0.027427216624
shape_segments_count_over_volume_00,0.0268199221373
local_near_cut_count_N,0.0268176484982
delta_volume_1,0.0235640330426
part_00_density_sqrt_E1,0.0223164762978
part_00_density_sqrt_E2,0.021880311062
part_00_density_O3_norm,0.0217205081473
local_near_cut_count_C,0.0215991082799
part_00_shape_sqrt_E1,0.0213941091279
part_00_density_sqrt_E3,0.0203730836153
volume_over_resolution_00,0.0201259146832
part_00_density_E3_E2,0.0193962535488
delta_density_sqrt_E1_1,0.0190221757662
part_00_density_Z_6_0,0.0187185654353
part_00_shape_sqrt_E3,0.0187051590546
part_00_density_E2_E1,0.0180516242755
delta_volume_2,0.0177017648784
delta_skewness_1,0.0172945511315
part_00_shape_E2_E1,0.017235041812
local_near_cut_count_O,0.0167796482215
part_00_density_Z_7_0,0.0161687784493
delta_std_1,0.0160011024534
delta_density_sqrt_E2_1,0.015803011921
delta_density_sqrt_E3_1,0.0157276933593
part_00_density_Z_5_0,0.0155436822991
part_00_shape_Z_4_0,0.015499848439
part_00_shape_O5_norm,0.0152316003176
delta_std_2,0.0151604192888
delta_skewness_2,0.0150334386334
percent_cut,0.0149904031693
part_00_density_I4_norm,0.014802919041
part_00_density_CI,0.0146813626432
local_mean,0.0146796015696
part_00_shape_Z_1_0,0.0145519472158
part_00_shape_CI,0.014506489661
part_00_electrons,0.0144313614422
part_00_volume,0.014399822038
part_00_density_Z_3_0,0.0142285577811
local_electrons,0.0142070592475
part_00_density_O4_norm,0.0142041779695
part_00_shape_Z_3_1,0.0140825401038
part_00_shape_Z_4_2,0.013726032813
part_00_shape_Z_2_0,0.0134424489302
part_00_density_I5_norm,0.013105477851
electrons_over_resolution_00,0.0121349336598
local_cut_by_mainchain_volume,0.0118644695314
delta_shape_segments_count_2,0.011707435006
part_00_shape_Z_2_1,0.0116885401935
std_over_resolution_00,0.0114813018735
part_00_density_I2_norm,0.0113617630386
resolution,0.0113047413843
skewness_over_volume_00,0.0110108980849
part_00_mean,0.0101125375429
delta_mean_2,0.00981694485082
part_00_density_I6,0.00978516643507
delta_mean_1,0.00968635299336
std_over_volume_01,0.0095428078546
part_00_shape_FL,0.00621484787702
