attribute,importance
delta_electrons_1,0.0300093386322
resolution,0.0274145379663
local_near_cut_count_C,0.0261654146016
delta_density_sqrt_E1_1,0.0259797349572
delta_density_sqrt_E3_1,0.0245172474533
local_mean,0.0242647230625
part_00_density_E3_E2,0.022964283824
delta_density_sqrt_E2_1,0.0227995347232
shape_segments_count_over_volume_00,0.0224518049508
delta_std_1,0.0219724122435
local_near_cut_count_O,0.0212607495487
local_near_cut_count_N,0.0211419146508
part_00_density_E3_E1,0.0207921601832
part_00_density_sqrt_E2,0.0206341631711
std_over_resolution_00,0.0202979128808
part_00_mean,0.020087249577
part_00_density_Z_6_0,0.0197793580592
part_00_shape_O5_norm,0.019226366654
delta_volume_1,0.0186288133264
delta_electrons_2,0.0184998512268
part_00_shape_Z_1_0,0.0184059981257
delta_skewness_1,0.0180717725307
delta_skewness_2,0.0179326813668
part_00_density_Z_7_0,0.0173722635955
delta_std_2,0.0172216929495
part_00_shape_Z_4_0,0.016697736457
part_00_density_I5_norm,0.015932733193
part_00_density_Z_3_0,0.0153095228598
part_00_shape_Z_3_1,0.0151110133156
skewness_over_volume_00,0.0149395121261
electrons_over_resolution_00,0.0149044012651
part_00_density_CI,0.0148321548477
part_00_shape_E2_E1,0.0148098729551
part_00_density_O3_norm,0.0147646348923
part_00_shape_CI,0.0147619340569
part_00_density_Z_5_0,0.0147052174434
delta_mean_1,0.0146795595065
part_00_density_I4_norm,0.0146680809557
part_00_density_E2_E1,0.0146647049114
part_00_density_O4_norm,0.0144000258297
part_00_density_sqrt_E3,0.0142643107101
delta_mean_2,0.0140941599384
part_00_shape_sqrt_E3,0.0138510866091
delta_shape_segments_count_2,0.0137653360143
volume_over_resolution_00,0.0133527880535
part_00_density_I2_norm,0.0131934406236
percent_cut,0.0129456417635
part_00_shape_FL,0.0127295767888
part_00_density_I6,0.012713371776
part_00_density_sqrt_E1,0.0126843387261
delta_volume_2,0.0125965625048
part_00_shape_sqrt_E1,0.0122589617968
std_over_volume_01,0.0115722808987
part_00_shape_Z_2_0,0.0108491405845
local_electrons,0.0108052520081
part_00_shape_Z_4_2,0.0105149159208
part_00_electrons,0.00946430210024
part_00_volume,0.0091915205121
part_00_shape_Z_2_1,0.00833468977362
local_cut_by_mainchain_volume,0.00774523848668
